{
  "greeting": "Ni Putu Novia",
  "name": "Kirana Dewi",
  "greetingText": "I really like your name btw!",
  "wishText": "May we always be together, forever by each other's side. ;)",
  "imagePath": "img/lydia2.png",
  "text1": "It's your birthday!!! :D",
  "textInChatBox": "Happy birthday to you!! Yeee! Many many happy bla bla...",
  "sendButtonLabel": "Send",
  "text2": "That's what I was going to do.",
  "text3": "But then I stopped.",
  "text4": "I realised, I wanted to do something",
  "text4Adjective": "special",
  "text5Entry": "Because,",
  "text5Content": "You are Special",
  "smiley": ":)",
  "bigTextPart1": "S",
  "bigTextPart2": "O",
  "wishHeading": "Happy Birthday Prettiest!",
  "outroText": "Okay, now come back and let me know if this made you smile.",
  "replayText": "Or click, if you want to watch it again.",
  "outroSmiley": ":)"
}
